,mean_fit_time,std_fit_time,mean_score_time,std_score_time,param_C,param_degree,param_gamma,param_kernel,params,split0_test_score,split1_test_score,split2_test_score,mean_test_score,std_test_score,rank_test_score,split0_train_score,split1_train_score,split2_train_score,mean_train_score,std_train_score
22,0.05466667811075846,0.0016996279116441829,0.023000081380208332,0.0008166320775582997,1e-06,4,0.01,poly,"{'C': 1e-06, 'degree': 4, 'gamma': 0.01, 'kernel': 'poly'}",0.9889380530973452,0.9844097995545658,0.9865470852017937,0.9866369710467706,0.0018528064674454372,1,0.9966480446927374,0.9977728285077951,0.9977802441731409,0.9974003724578911,0.0005319846787825632
112,0.05066665013631185,0.002054862014104257,0.020999987920125324,0.0014142234528335457,1,4,0.01,poly,"{'C': 1, 'degree': 4, 'gamma': 0.01, 'kernel': 'poly'}",0.9845132743362832,0.9844097995545658,0.9865470852017937,0.9851521900519673,0.0009823129957200717,2,1.0,1.0,1.0,1.0,0.0
208,0.05099987983703613,0.0014142796519809341,0.02333347002665202,0.0012472136936510618,1000000.0,4,10.0,poly,"{'C': 1000000.0, 'degree': 4, 'gamma': 10.0, 'kernel': 'poly'}",0.9845132743362832,0.9844097995545658,0.9865470852017937,0.9851521900519673,0.0009823129957200717,2,1.0,1.0,1.0,1.0,0.0
157,0.05266650517781576,0.002867520321275593,0.021666765213012695,0.0016997370119428347,1000.0,4,0.01,poly,"{'C': 1000.0, 'degree': 4, 'gamma': 0.01, 'kernel': 'poly'}",0.9845132743362832,0.9844097995545658,0.9865470852017937,0.9851521900519673,0.0009823129957200717,2,1.0,1.0,1.0,1.0,0.0
118,0.054999987284342446,0.004966594877029499,0.021666765213012695,0.0009427407074916777,1,4,10.0,poly,"{'C': 1, 'degree': 4, 'gamma': 10.0, 'kernel': 'poly'}",0.9845132743362832,0.9844097995545658,0.9865470852017937,0.9851521900519673,0.0009823129957200717,2,1.0,1.0,1.0,1.0,0.0
25,0.05000003178914388,0.0016330694755612052,0.021666606267293293,0.0012472136936510618,1e-06,4,1.0,poly,"{'C': 1e-06, 'degree': 4, 'gamma': 1.0, 'kernel': 'poly'}",0.9845132743362832,0.9844097995545658,0.9865470852017937,0.9851521900519673,0.0009823129957200717,2,1.0,1.0,1.0,1.0,0.0
205,0.05233327547709147,0.0018855376132936251,0.021666685740152996,0.0004713141679983425,1000000.0,4,1.0,poly,"{'C': 1000000.0, 'degree': 4, 'gamma': 1.0, 'kernel': 'poly'}",0.9845132743362832,0.9844097995545658,0.9865470852017937,0.9851521900519673,0.0009823129957200717,2,1.0,1.0,1.0,1.0,0.0
115,0.05133342742919922,0.0033992869916783294,0.021666526794433594,0.00047137035374583886,1,4,1.0,poly,"{'C': 1, 'degree': 4, 'gamma': 1.0, 'kernel': 'poly'}",0.9845132743362832,0.9844097995545658,0.9865470852017937,0.9851521900519673,0.0009823129957200717,2,1.0,1.0,1.0,1.0,0.0
154,0.05200004577636719,0.0021602742712654127,0.022333463033040363,0.0004713141679983425,1000.0,4,0.0001,poly,"{'C': 1000.0, 'degree': 4, 'gamma': 0.0001, 'kernel': 'poly'}",0.9845132743362832,0.9844097995545658,0.9865470852017937,0.9851521900519673,0.0009823129957200717,2,1.0,1.0,1.0,1.0,0.0
163,0.05066672960917155,0.0009427969083140529,0.0236666997273763,0.003091273489918108,1000.0,4,10.0,poly,"{'C': 1000.0, 'degree': 4, 'gamma': 10.0, 'kernel': 'poly'}",0.9845132743362832,0.9844097995545658,0.9865470852017937,0.9851521900519673,0.0009823129957200717,2,1.0,1.0,1.0,1.0,0.0
67,0.0516666571299235,0.002054758875046404,0.021999915440877277,0.0014142234528335457,0.001,4,0.01,poly,"{'C': 0.001, 'degree': 4, 'gamma': 0.01, 'kernel': 'poly'}",0.9845132743362832,0.9844097995545658,0.9865470852017937,0.9851521900519673,0.0009823129957200717,2,1.0,1.0,1.0,1.0,0.0
202,0.05033334096272787,0.0012471712309837736,0.020999987920125324,0.0008165347377806026,1000000.0,4,0.01,poly,"{'C': 1000000.0, 'degree': 4, 'gamma': 0.01, 'kernel': 'poly'}",0.9845132743362832,0.9844097995545658,0.9865470852017937,0.9851521900519673,0.0009823129957200717,2,1.0,1.0,1.0,1.0,0.0
70,0.06566667556762695,0.011897551227134352,0.023333311080932617,0.002054849120084089,0.001,4,1.0,poly,"{'C': 0.001, 'degree': 4, 'gamma': 1.0, 'kernel': 'poly'}",0.9845132743362832,0.9844097995545658,0.9865470852017937,0.9851521900519673,0.0009823129957200717,2,1.0,1.0,1.0,1.0,0.0
160,0.04933333396911621,0.0016995499801642211,0.02500009536743164,0.002943895885135575,1000.0,4,1.0,poly,"{'C': 1000.0, 'degree': 4, 'gamma': 1.0, 'kernel': 'poly'}",0.9845132743362832,0.9844097995545658,0.9865470852017937,0.9851521900519673,0.0009823129957200717,2,1.0,1.0,1.0,1.0,0.0
73,0.05300005276997884,0.0021601639056400704,0.023000001907348633,0.001633069471693681,0.001,4,10.0,poly,"{'C': 0.001, 'degree': 4, 'gamma': 10.0, 'kernel': 'poly'}",0.9845132743362832,0.9844097995545658,0.9865470852017937,0.9851521900519673,0.0009823129957200717,2,1.0,1.0,1.0,1.0,0.0
28,0.05866670608520508,0.009463365647487182,0.021666526794433594,0.00047137035374583886,1e-06,4,10.0,poly,"{'C': 1e-06, 'degree': 4, 'gamma': 10.0, 'kernel': 'poly'}",0.9845132743362832,0.9844097995545658,0.9865470852017937,0.9851521900519673,0.0009823129957200717,2,1.0,1.0,1.0,1.0,0.0
199,0.05433336893717448,0.00329981725941293,0.021999915440877277,0.0008165347377806026,1000000.0,4,0.0001,poly,"{'C': 1000000.0, 'degree': 4, 'gamma': 0.0001, 'kernel': 'poly'}",0.9845132743362832,0.9844097995545658,0.9865470852017937,0.9851521900519673,0.0009823129957200717,2,1.0,1.0,1.0,1.0,0.0
185,0.0516666571299235,0.0009429655107775848,0.028333346048990887,0.0012471499763186424,1000000.0,1,0.0001,rbf,"{'C': 1000000.0, 'degree': 1, 'gamma': 0.0001, 'kernel': 'rbf'}",0.9800884955752213,0.9866369710467706,0.9865470852017937,0.9844097995545658,0.0030711668883426605,18,1.0,1.0,1.0,1.0,0.0
155,0.05266658465067545,0.002054758875046404,0.02866665522257487,0.0016997681837630048,1000.0,4,0.0001,rbf,"{'C': 1000.0, 'degree': 4, 'gamma': 0.0001, 'kernel': 'rbf'}",0.9800884955752213,0.9866369710467706,0.9865470852017937,0.9844097995545658,0.0030711668883426605,18,1.0,1.0,1.0,1.0,0.0
200,0.053999900817871094,0.0014142796519809341,0.03533339500427246,0.011785101781018133,1000000.0,4,0.0001,rbf,"{'C': 1000000.0, 'degree': 4, 'gamma': 0.0001, 'kernel': 'rbf'}",0.9800884955752213,0.9866369710467706,0.9865470852017937,0.9844097995545658,0.0030711668883426605,18,1.0,1.0,1.0,1.0,0.0
215,0.05033342043558756,0.0012471499763186424,0.029999971389770508,0.0035591030778738433,1000000.0,8,0.0001,rbf,"{'C': 1000000.0, 'degree': 8, 'gamma': 0.0001, 'kernel': 'rbf'}",0.9800884955752213,0.9866369710467706,0.9865470852017937,0.9844097995545658,0.0030711668883426605,18,1.0,1.0,1.0,1.0,0.0
140,0.05533329645792643,0.0041096079945844915,0.028666575749715168,0.0009426845167186227,1000.0,1,0.0001,rbf,"{'C': 1000.0, 'degree': 1, 'gamma': 0.0001, 'kernel': 'rbf'}",0.9800884955752213,0.9866369710467706,0.9865470852017937,0.9844097995545658,0.0030711668883426605,18,1.0,1.0,1.0,1.0,0.0
170,0.05000011126200358,0.0008164374096054778,0.027333180109659832,0.0012471499763186424,1000.0,8,0.0001,rbf,"{'C': 1000.0, 'degree': 8, 'gamma': 0.0001, 'kernel': 'rbf'}",0.9800884955752213,0.9866369710467706,0.9865470852017937,0.9844097995545658,0.0030711668883426605,18,1.0,1.0,1.0,1.0,0.0
137,0.0689999262491862,0.017719994162385122,0.0280001163482666,0.0008164374018695076,1000.0,1,1e-06,rbf,"{'C': 1000.0, 'degree': 1, 'gamma': 1e-06, 'kernel': 'rbf'}",0.9778761061946902,0.977728285077951,0.9887892376681614,0.9814402375649591,0.005170862203665294,24,0.9966480446927374,0.9944320712694877,0.9944506104328524,0.9951769087983592,0.0010402777000847784
167,0.0496667226155599,0.0009428530990877068,0.026666561762491863,0.0004714827453418679,1000.0,8,1e-06,rbf,"{'C': 1000.0, 'degree': 8, 'gamma': 1e-06, 'kernel': 'rbf'}",0.9778761061946902,0.977728285077951,0.9887892376681614,0.9814402375649591,0.005170862203665294,24,0.9966480446927374,0.9944320712694877,0.9944506104328524,0.9951769087983592,0.0010402777000847784
152,0.04900002479553223,0.0014141110612375166,0.026666720708211262,0.00047142655959197545,1000.0,4,1e-06,rbf,"{'C': 1000.0, 'degree': 4, 'gamma': 1e-06, 'kernel': 'rbf'}",0.9778761061946902,0.977728285077951,0.9887892376681614,0.9814402375649591,0.005170862203665294,24,0.9966480446927374,0.9944320712694877,0.9944506104328524,0.9951769087983592,0.0010402777000847784
97,0.04366660118103027,0.002494321189668092,0.0236666997273763,0.0012474048564998271,1,1,0.01,poly,"{'C': 1, 'degree': 1, 'gamma': 0.01, 'kernel': 'poly'}",0.9734513274336283,0.9755011135857461,0.9887892376681614,0.9792130660727543,0.0067894128601501255,27,1.0,1.0,1.0,1.0,0.0
58,0.04366660118103027,0.001247128731420033,0.021666606267293293,0.0004712579621498098,0.001,1,10.0,poly,"{'C': 0.001, 'degree': 1, 'gamma': 10.0, 'kernel': 'poly'}",0.9734513274336283,0.9755011135857461,0.9887892376681614,0.9792130660727543,0.0067894128601501255,27,1.0,1.0,1.0,1.0,0.0
87,0.042999823888142906,0.0008165347377806026,0.024666706720987957,0.0004713141679983425,0.001,8,10.0,linear,"{'C': 0.001, 'degree': 8, 'gamma': 10.0, 'kernel': 'linear'}",0.9756637168141593,0.977728285077951,0.9820627802690582,0.9784706755753526,0.002664570510247646,29,0.9854748603351955,0.9922048997772829,0.9889012208657048,0.9888603269927277,0.0027476792576825357
57,0.04399998982747396,1.1239159602905075e-07,0.024666786193847656,0.0004715389511856095,0.001,1,10.0,linear,"{'C': 0.001, 'degree': 1, 'gamma': 10.0, 'kernel': 'linear'}",0.9756637168141593,0.977728285077951,0.9820627802690582,0.9784706755753526,0.002664570510247646,29,0.9854748603351955,0.9922048997772829,0.9889012208657048,0.9888603269927277,0.0027476792576825357
55,0.04833348592122396,0.0012472349320385085,0.025999784469604492,0.0,0.001,1,1.0,poly,"{'C': 0.001, 'degree': 1, 'gamma': 1.0, 'kernel': 'poly'}",0.9756637168141593,0.977728285077951,0.9820627802690582,0.9784706755753526,0.002664570510247646,29,0.9854748603351955,0.9922048997772829,0.9889012208657048,0.9888603269927277,0.0027476792576825357
84,0.042999982833862305,0.0008166320698241736,0.024333397547403973,0.000471595136937897,0.001,8,1.0,linear,"{'C': 0.001, 'degree': 8, 'gamma': 1.0, 'kernel': 'linear'}",0.9756637168141593,0.977728285077951,0.9820627802690582,0.9784706755753526,0.002664570510247646,29,0.9854748603351955,0.9922048997772829,0.9889012208657048,0.9888603269927277,0.0027476792576825357
63,0.04399998982747396,0.0024495068761416403,0.023333390553792317,0.0004713141679983425,0.001,4,0.0001,linear,"{'C': 0.001, 'degree': 4, 'gamma': 0.0001, 'kernel': 'linear'}",0.9756637168141593,0.977728285077951,0.9820627802690582,0.9784706755753526,0.002664570510247646,29,0.9854748603351955,0.9922048997772829,0.9889012208657048,0.9888603269927277,0.0027476792576825357
54,0.04366691907246908,0.0016996590817492557,0.02299984296162923,1.1239159602905075e-07,0.001,1,1.0,linear,"{'C': 0.001, 'degree': 1, 'gamma': 1.0, 'kernel': 'linear'}",0.9756637168141593,0.977728285077951,0.9820627802690582,0.9784706755753526,0.002664570510247646,29,0.9854748603351955,0.9922048997772829,0.9889012208657048,0.9888603269927277,0.0027476792576825357
81,0.04266659418741862,0.0009427969083140529,0.024666786193847656,0.0016995499801642211,0.001,8,0.01,linear,"{'C': 0.001, 'degree': 8, 'gamma': 0.01, 'kernel': 'linear'}",0.9756637168141593,0.977728285077951,0.9820627802690582,0.9784706755753526,0.002664570510247646,29,0.9854748603351955,0.9922048997772829,0.9889012208657048,0.9888603269927277,0.0027476792576825357
66,0.04233328501383463,0.0004712579621498098,0.02566663424173991,0.0030912049312596277,0.001,4,0.01,linear,"{'C': 0.001, 'degree': 4, 'gamma': 0.01, 'kernel': 'linear'}",0.9756637168141593,0.977728285077951,0.9820627802690582,0.9784706755753526,0.002664570510247646,29,0.9854748603351955,0.9922048997772829,0.9889012208657048,0.9888603269927277,0.0027476792576825357
51,0.04233328501383463,0.0004712579621498098,0.024000167846679688,0.0008166320698241736,0.001,1,0.01,linear,"{'C': 0.001, 'degree': 1, 'gamma': 0.01, 'kernel': 'linear'}",0.9756637168141593,0.977728285077951,0.9820627802690582,0.9784706755753526,0.002664570510247646,29,0.9854748603351955,0.9922048997772829,0.9889012208657048,0.9888603269927277,0.0027476792576825357
69,0.04266651471455892,0.00047142655959197545,0.0236666997273763,0.00047142655959197545,0.001,4,1.0,linear,"{'C': 0.001, 'degree': 4, 'gamma': 1.0, 'kernel': 'linear'}",0.9756637168141593,0.977728285077951,0.9820627802690582,0.9784706755753526,0.002664570510247646,29,0.9854748603351955,0.9922048997772829,0.9889012208657048,0.9888603269927277,0.0027476792576825357
78,0.04233328501383463,0.00047142655959197545,0.02500017484029134,0.0014142234528335457,0.001,8,0.0001,linear,"{'C': 0.001, 'degree': 8, 'gamma': 0.0001, 'kernel': 'linear'}",0.9756637168141593,0.977728285077951,0.9820627802690582,0.9784706755753526,0.002664570510247646,29,0.9854748603351955,0.9922048997772829,0.9889012208657048,0.9888603269927277,0.0027476792576825357
72,0.05666669209798177,0.017913365945960647,0.03599985440572103,0.014165781569882227,0.001,4,10.0,linear,"{'C': 0.001, 'degree': 4, 'gamma': 10.0, 'kernel': 'linear'}",0.9756637168141593,0.977728285077951,0.9820627802690582,0.9784706755753526,0.002664570510247646,29,0.9854748603351955,0.9922048997772829,0.9889012208657048,0.9888603269927277,0.0027476792576825357
48,0.042999823888142906,1.1239159602905075e-07,0.0236666997273763,0.00047142655959197545,0.001,1,0.0001,linear,"{'C': 0.001, 'degree': 1, 'gamma': 0.0001, 'kernel': 'linear'}",0.9756637168141593,0.977728285077951,0.9820627802690582,0.9784706755753526,0.002664570510247646,29,0.9854748603351955,0.9922048997772829,0.9889012208657048,0.9888603269927277,0.0027476792576825357
60,0.04399998982747396,0.0008163400698263976,0.02499993642171224,1.1239159602905075e-07,0.001,4,1e-06,linear,"{'C': 0.001, 'degree': 4, 'gamma': 1e-06, 'kernel': 'linear'}",0.9756637168141593,0.977728285077951,0.9820627802690582,0.9784706755753526,0.002664570510247646,29,0.9854748603351955,0.9922048997772829,0.9889012208657048,0.9888603269927277,0.0027476792576825357
45,0.05133342742919922,0.007408670780853777,0.024666627248128254,0.00047142655959197545,0.001,1,1e-06,linear,"{'C': 0.001, 'degree': 1, 'gamma': 1e-06, 'kernel': 'linear'}",0.9756637168141593,0.977728285077951,0.9820627802690582,0.9784706755753526,0.002664570510247646,29,0.9854748603351955,0.9922048997772829,0.9889012208657048,0.9888603269927277,0.0027476792576825357
75,0.044333457946777344,0.0004715389511856095,0.02433323860168457,0.00047137035374583886,0.001,8,1e-06,linear,"{'C': 0.001, 'degree': 8, 'gamma': 1e-06, 'kernel': 'linear'}",0.9756637168141593,0.977728285077951,0.9820627802690582,0.9784706755753526,0.002664570510247646,29,0.9854748603351955,0.9922048997772829,0.9889012208657048,0.9888603269927277,0.0027476792576825357
136,0.04800009727478027,0.0,0.02999989191691081,0.005656837616373553,1000.0,1,1e-06,poly,"{'C': 1000.0, 'degree': 1, 'gamma': 1e-06, 'kernel': 'poly'}",0.9756637168141593,0.977728285077951,0.9820627802690582,0.9784706755753526,0.002664570510247646,29,0.9854748603351955,0.9922048997772829,0.9889012208657048,0.9888603269927277,0.0027476792576825357
100,0.042999982833862305,0.0,0.021666685740152996,0.0004714827855295644,1,1,1.0,poly,"{'C': 1, 'degree': 1, 'gamma': 1.0, 'kernel': 'poly'}",0.9712389380530974,0.9755011135857461,0.984304932735426,0.9769858945805494,0.00543639463011057,46,1.0,1.0,1.0,1.0,0.0
147,0.04066673914591471,0.00047148278552956437,0.020999908447265625,0.0,1000.0,1,10.0,linear,"{'C': 1000.0, 'degree': 1, 'gamma': 10.0, 'kernel': 'linear'}",0.9712389380530974,0.9755011135857461,0.984304932735426,0.9769858945805494,0.00543639463011057,46,1.0,1.0,1.0,1.0,0.0
145,0.0429999033610026,0.0016329721386832868,0.02066667874654134,0.00047142655959197545,1000.0,1,1.0,poly,"{'C': 1000.0, 'degree': 1, 'gamma': 1.0, 'kernel': 'poly'}",0.9712389380530974,0.9755011135857461,0.984304932735426,0.9769858945805494,0.00543639463011057,46,1.0,1.0,1.0,1.0,0.0
144,0.05233327547709147,0.01322466947005929,0.0236666202545166,0.005185411065992315,1000.0,1,1.0,linear,"{'C': 1000.0, 'degree': 1, 'gamma': 1.0, 'kernel': 'linear'}",0.9712389380530974,0.9755011135857461,0.984304932735426,0.9769858945805494,0.00543639463011057,46,1.0,1.0,1.0,1.0,0.0
142,0.04466652870178223,0.0023570203581329582,0.11833326021830241,0.13835780389354888,1000.0,1,0.01,poly,"{'C': 1000.0, 'degree': 1, 'gamma': 0.01, 'kernel': 'poly'}",0.9712389380530974,0.9755011135857461,0.984304932735426,0.9769858945805494,0.00543639463011057,46,1.0,1.0,1.0,1.0,0.0
141,0.04233344395955404,0.003399396092727396,0.020999908447265625,0.0014141110612375166,1000.0,1,0.01,linear,"{'C': 1000.0, 'degree': 1, 'gamma': 0.01, 'kernel': 'linear'}",0.9712389380530974,0.9755011135857461,0.984304932735426,0.9769858945805494,0.00543639463011057,46,1.0,1.0,1.0,1.0,0.0
168,0.03966673215230306,0.0012472136936510618,0.02066659927368164,0.001247128731420033,1000.0,8,0.0001,linear,"{'C': 1000.0, 'degree': 8, 'gamma': 0.0001, 'kernel': 'linear'}",0.9712389380530974,0.9755011135857461,0.984304932735426,0.9769858945805494,0.00543639463011057,46,1.0,1.0,1.0,1.0,0.0
139,0.0473332405090332,0.005436458953610812,0.021666685740152996,0.0004714827453418679,1000.0,1,0.0001,poly,"{'C': 1000.0, 'degree': 1, 'gamma': 0.0001, 'kernel': 'poly'}",0.9712389380530974,0.9755011135857461,0.984304932735426,0.9769858945805494,0.00543639463011057,46,1.0,1.0,1.0,1.0,0.0
138,0.044999917348225914,0.0008164374096054778,0.038333495457967125,0.02170002646286625,1000.0,1,0.0001,linear,"{'C': 1000.0, 'degree': 1, 'gamma': 0.0001, 'kernel': 'linear'}",0.9712389380530974,0.9755011135857461,0.984304932735426,0.9769858945805494,0.00543639463011057,46,1.0,1.0,1.0,1.0,0.0
135,0.04033327102661133,0.00047137035374583886,0.02066667874654134,0.00047142655959197545,1000.0,1,1e-06,linear,"{'C': 1000.0, 'degree': 1, 'gamma': 1e-06, 'kernel': 'linear'}",0.9712389380530974,0.9755011135857461,0.984304932735426,0.9769858945805494,0.00543639463011057,46,1.0,1.0,1.0,1.0,0.0
132,0.040666659673055015,0.0004712579621498098,0.020999987920125324,0.0008165347377806026,1,8,10.0,linear,"{'C': 1, 'degree': 8, 'gamma': 10.0, 'kernel': 'linear'}",0.9712389380530974,0.9755011135857461,0.984304932735426,0.9769858945805494,0.00543639463011057,46,1.0,1.0,1.0,1.0,0.0
153,0.041333516438802086,0.001247107496288445,0.019666512807210285,0.000471595136937897,1000.0,4,0.0001,linear,"{'C': 1000.0, 'degree': 4, 'gamma': 0.0001, 'kernel': 'linear'}",0.9712389380530974,0.9755011135857461,0.984304932735426,0.9769858945805494,0.00543639463011057,46,1.0,1.0,1.0,1.0,0.0
129,0.040666659673055015,0.00047142655959197545,0.020333290100097656,0.00047137035374583886,1,8,1.0,linear,"{'C': 1, 'degree': 8, 'gamma': 1.0, 'kernel': 'linear'}",0.9712389380530974,0.9755011135857461,0.984304932735426,0.9769858945805494,0.00543639463011057,46,1.0,1.0,1.0,1.0,0.0
126,0.04133335749308268,0.00047142655959197545,0.019666671752929688,0.00047137035374583886,1,8,0.01,linear,"{'C': 1, 'degree': 8, 'gamma': 0.01, 'kernel': 'linear'}",0.9712389380530974,0.9755011135857461,0.984304932735426,0.9769858945805494,0.00543639463011057,46,1.0,1.0,1.0,1.0,0.0
165,0.04033342997233073,0.0009428530990877068,0.020333290100097656,0.0009427407074916777,1000.0,8,1e-06,linear,"{'C': 1000.0, 'degree': 8, 'gamma': 1e-06, 'kernel': 'linear'}",0.9712389380530974,0.9755011135857461,0.984304932735426,0.9769858945805494,0.00543639463011057,46,1.0,1.0,1.0,1.0,0.0
123,0.04000004132588705,0.0008167294057348078,0.020999908447265625,0.0021602742712654127,1,8,0.0001,linear,"{'C': 1, 'degree': 8, 'gamma': 0.0001, 'kernel': 'linear'}",0.9712389380530974,0.9755011135857461,0.984304932735426,0.9769858945805494,0.00543639463011057,46,1.0,1.0,1.0,1.0,0.0
156,0.04033335049947103,0.0004714827453418679,0.019666751225789387,0.00047142655959197545,1000.0,4,0.01,linear,"{'C': 1000.0, 'degree': 4, 'gamma': 0.01, 'kernel': 'linear'}",0.9712389380530974,0.9755011135857461,0.984304932735426,0.9769858945805494,0.00543639463011057,46,1.0,1.0,1.0,1.0,0.0
90,0.040666659673055015,0.00047142655959197545,0.020999908447265625,0.0008164374018695076,1,1,1e-06,linear,"{'C': 1, 'degree': 1, 'gamma': 1e-06, 'kernel': 'linear'}",0.9712389380530974,0.9755011135857461,0.984304932735426,0.9769858945805494,0.00543639463011057,46,1.0,1.0,1.0,1.0,0.0
120,0.04033335049947103,0.0004713141679983425,0.021000067392985027,0.0014143358444295747,1,8,1e-06,linear,"{'C': 1, 'degree': 8, 'gamma': 1e-06, 'kernel': 'linear'}",0.9712389380530974,0.9755011135857461,0.984304932735426,0.9769858945805494,0.00543639463011057,46,1.0,1.0,1.0,1.0,0.0
117,0.04000004132588705,1.1239159602905075e-07,0.020333290100097656,0.00047137035374583886,1,4,10.0,linear,"{'C': 1, 'degree': 4, 'gamma': 10.0, 'kernel': 'linear'}",0.9712389380530974,0.9755011135857461,0.984304932735426,0.9769858945805494,0.00543639463011057,46,1.0,1.0,1.0,1.0,0.0
114,0.03966673215230306,0.0009426845167186228,0.01899997393290202,1.1239159602905075e-07,1,4,1.0,linear,"{'C': 1, 'degree': 4, 'gamma': 1.0, 'kernel': 'linear'}",0.9712389380530974,0.9755011135857461,0.984304932735426,0.9769858945805494,0.00543639463011057,46,1.0,1.0,1.0,1.0,0.0
93,0.03899995485941569,0.0008165347377806026,0.019666592280069988,0.0004714827453418679,1,1,0.0001,linear,"{'C': 1, 'degree': 1, 'gamma': 0.0001, 'kernel': 'linear'}",0.9712389380530974,0.9755011135857461,0.984304932735426,0.9769858945805494,0.00543639463011057,46,1.0,1.0,1.0,1.0,0.0
111,0.050333261489868164,0.015326156706176368,0.024666706720987957,0.005906814217951922,1,4,0.01,linear,"{'C': 1, 'degree': 4, 'gamma': 0.01, 'kernel': 'linear'}",0.9712389380530974,0.9755011135857461,0.984304932735426,0.9769858945805494,0.00543639463011057,46,1.0,1.0,1.0,1.0,0.0
96,0.04333337148030599,0.0032998734566464395,0.03133328755696615,0.014613604882081296,1,1,0.01,linear,"{'C': 1, 'degree': 1, 'gamma': 0.01, 'kernel': 'linear'}",0.9712389380530974,0.9755011135857461,0.984304932735426,0.9769858945805494,0.00543639463011057,46,1.0,1.0,1.0,1.0,0.0
159,0.039999961853027344,0.0021602742712654127,0.019666671752929688,0.00047137035374583886,1000.0,4,1.0,linear,"{'C': 1000.0, 'degree': 4, 'gamma': 1.0, 'kernel': 'linear'}",0.9712389380530974,0.9755011135857461,0.984304932735426,0.9769858945805494,0.00543639463011057,46,1.0,1.0,1.0,1.0,0.0
105,0.04333329200744629,0.003399427265405092,0.020333290100097656,0.00047137035374583886,1,4,1e-06,linear,"{'C': 1, 'degree': 4, 'gamma': 1e-06, 'kernel': 'linear'}",0.9712389380530974,0.9755011135857461,0.984304932735426,0.9769858945805494,0.00543639463011057,46,1.0,1.0,1.0,1.0,0.0
99,0.040999968846639,0.0008165347377806026,0.020333369572957356,0.0012472349320385085,1,1,1.0,linear,"{'C': 1, 'degree': 1, 'gamma': 1.0, 'kernel': 'linear'}",0.9712389380530974,0.9755011135857461,0.984304932735426,0.9769858945805494,0.00543639463011057,46,1.0,1.0,1.0,1.0,0.0
103,0.04266667366027832,0.00047137035374583886,0.021666606267293293,0.00047142655959197545,1,1,10.0,poly,"{'C': 1, 'degree': 1, 'gamma': 10.0, 'kernel': 'poly'}",0.9712389380530974,0.9755011135857461,0.984304932735426,0.9769858945805494,0.00543639463011057,46,1.0,1.0,1.0,1.0,0.0
102,0.04033335049947103,0.0009427969083140529,0.021666606267293293,0.0009428530990877068,1,1,10.0,linear,"{'C': 1, 'degree': 1, 'gamma': 10.0, 'kernel': 'linear'}",0.9712389380530974,0.9755011135857461,0.984304932735426,0.9769858945805494,0.00543639463011057,46,1.0,1.0,1.0,1.0,0.0
162,0.04666654268900553,0.008730462463238156,0.02033344904581706,0.0009428531191839509,1000.0,4,10.0,linear,"{'C': 1000.0, 'degree': 4, 'gamma': 10.0, 'kernel': 'linear'}",0.9712389380530974,0.9755011135857461,0.984304932735426,0.9769858945805494,0.00543639463011057,46,1.0,1.0,1.0,1.0,0.0
108,0.04066658020019531,0.0009427407074916777,0.019333362579345703,0.00047137035374583886,1,4,0.0001,linear,"{'C': 1, 'degree': 4, 'gamma': 0.0001, 'kernel': 'linear'}",0.9712389380530974,0.9755011135857461,0.984304932735426,0.9769858945805494,0.00543639463011057,46,1.0,1.0,1.0,1.0,0.0
150,0.04066673914591471,0.0004714827453418679,0.02199999491373698,0.0014141672603851714,1000.0,4,1e-06,linear,"{'C': 1000.0, 'degree': 4, 'gamma': 1e-06, 'kernel': 'linear'}",0.9712389380530974,0.9755011135857461,0.984304932735426,0.9769858945805494,0.00543639463011057,46,1.0,1.0,1.0,1.0,0.0
148,0.04266667366027832,0.0004715389511856095,0.02200007438659668,0.0,1000.0,1,10.0,poly,"{'C': 1000.0, 'degree': 1, 'gamma': 10.0, 'kernel': 'poly'}",0.9712389380530974,0.9755011135857461,0.984304932735426,0.9769858945805494,0.00543639463011057,46,1.0,1.0,1.0,1.0,0.0
193,0.04233344395955404,0.0009427969083140527,0.02200007438659668,0.0,1000000.0,1,10.0,poly,"{'C': 1000000.0, 'degree': 1, 'gamma': 10.0, 'kernel': 'poly'}",0.9712389380530974,0.9755011135857461,0.984304932735426,0.9769858945805494,0.00543639463011057,46,1.0,1.0,1.0,1.0,0.0
195,0.04000012079874674,0.0008166320775582997,0.020333210627237957,0.0009428530990877068,1000000.0,4,1e-06,linear,"{'C': 1000000.0, 'degree': 4, 'gamma': 1e-06, 'kernel': 'linear'}",0.9712389380530974,0.9755011135857461,0.984304932735426,0.9769858945805494,0.00543639463011057,46,1.0,1.0,1.0,1.0,0.0
190,0.043666680653889976,0.0020549393673056355,0.024000008900960285,0.0035590584183557666,1000000.0,1,1.0,poly,"{'C': 1000000.0, 'degree': 1, 'gamma': 1.0, 'kernel': 'poly'}",0.9712389380530974,0.9755011135857461,0.984304932735426,0.9769858945805494,0.00543639463011057,46,1.0,1.0,1.0,1.0,0.0
189,0.039333343505859375,0.00047137035374583886,0.019333362579345703,0.00047137035374583886,1000000.0,1,1.0,linear,"{'C': 1000000.0, 'degree': 1, 'gamma': 1.0, 'kernel': 'linear'}",0.9712389380530974,0.9755011135857461,0.984304932735426,0.9769858945805494,0.00543639463011057,46,1.0,1.0,1.0,1.0,0.0
198,0.0410001277923584,0.0014142796519809341,0.019666671752929688,0.00047137035374583886,1000000.0,4,0.0001,linear,"{'C': 1000000.0, 'degree': 4, 'gamma': 0.0001, 'kernel': 'linear'}",0.9712389380530974,0.9755011135857461,0.984304932735426,0.9769858945805494,0.00543639463011057,46,1.0,1.0,1.0,1.0,0.0
201,0.044666687647501625,0.004642864699170489,0.019666751225789387,0.00047142655959197545,1000000.0,4,0.01,linear,"{'C': 1000000.0, 'degree': 4, 'gamma': 0.01, 'kernel': 'linear'}",0.9712389380530974,0.9755011135857461,0.984304932735426,0.9769858945805494,0.00543639463011057,46,1.0,1.0,1.0,1.0,0.0
187,0.042999982833862305,0.0008166320698241736,0.021000067392985027,0.0008166320775582997,1000000.0,1,0.01,poly,"{'C': 1000000.0, 'degree': 1, 'gamma': 0.01, 'kernel': 'poly'}",0.9712389380530974,0.9755011135857461,0.984304932735426,0.9769858945805494,0.00543639463011057,46,1.0,1.0,1.0,1.0,0.0
204,0.04000004132588705,1.1239159602905075e-07,0.019666751225789387,0.0009428530990877068,1000000.0,4,1.0,linear,"{'C': 1000000.0, 'degree': 4, 'gamma': 1.0, 'kernel': 'linear'}",0.9712389380530974,0.9755011135857461,0.984304932735426,0.9769858945805494,0.00543639463011057,46,1.0,1.0,1.0,1.0,0.0
186,0.03966673215230306,0.001247022531886782,0.019666671752929688,0.00047137035374583886,1000000.0,1,0.01,linear,"{'C': 1000000.0, 'degree': 1, 'gamma': 0.01, 'kernel': 'linear'}",0.9712389380530974,0.9755011135857461,0.984304932735426,0.9769858945805494,0.00543639463011057,46,1.0,1.0,1.0,1.0,0.0
184,0.05433328946431478,0.014055539034824833,0.033666769663492836,0.014429757234295716,1000000.0,1,0.0001,poly,"{'C': 1000000.0, 'degree': 1, 'gamma': 0.0001, 'kernel': 'poly'}",0.9712389380530974,0.9755011135857461,0.984304932735426,0.9769858945805494,0.00543639463011057,46,1.0,1.0,1.0,1.0,0.0
183,0.04200005531311035,0.0014141110612375166,0.020333290100097656,0.00047137035374583886,1000000.0,1,0.0001,linear,"{'C': 1000000.0, 'degree': 1, 'gamma': 0.0001, 'kernel': 'linear'}",0.9712389380530974,0.9755011135857461,0.984304932735426,0.9769858945805494,0.00543639463011057,46,1.0,1.0,1.0,1.0,0.0
192,0.04033327102661133,0.0009427407074916777,0.019666671752929688,0.00047137035374583886,1000000.0,1,10.0,linear,"{'C': 1000000.0, 'degree': 1, 'gamma': 10.0, 'kernel': 'linear'}",0.9712389380530974,0.9755011135857461,0.984304932735426,0.9769858945805494,0.00543639463011057,46,1.0,1.0,1.0,1.0,0.0
207,0.04033335049947103,0.0009427969083140529,0.023333231608072918,0.002624701104905585,1000000.0,4,10.0,linear,"{'C': 1000000.0, 'degree': 4, 'gamma': 10.0, 'kernel': 'linear'}",0.9712389380530974,0.9755011135857461,0.984304932735426,0.9769858945805494,0.00543639463011057,46,1.0,1.0,1.0,1.0,0.0
181,0.04633355140686035,0.005436444332668221,0.022333224614461262,0.0004714827453418679,1000000.0,1,1e-06,poly,"{'C': 1000000.0, 'degree': 1, 'gamma': 1e-06, 'kernel': 'poly'}",0.9712389380530974,0.9755011135857461,0.984304932735426,0.9769858945805494,0.00543639463011057,46,1.0,1.0,1.0,1.0,0.0
171,0.03966673215230306,0.0016997058469827861,0.024000008900960285,0.002449604208185109,1000.0,8,0.01,linear,"{'C': 1000.0, 'degree': 8, 'gamma': 0.01, 'kernel': 'linear'}",0.9712389380530974,0.9755011135857461,0.984304932735426,0.9769858945805494,0.00543639463011057,46,1.0,1.0,1.0,1.0,0.0
180,0.04066658020019531,0.00047137035374583886,0.020666758219401043,0.0004714827453418679,1000000.0,1,1e-06,linear,"{'C': 1000000.0, 'degree': 1, 'gamma': 1e-06, 'kernel': 'linear'}",0.9712389380530974,0.9755011135857461,0.984304932735426,0.9769858945805494,0.00543639463011057,46,1.0,1.0,1.0,1.0,0.0
222,0.04266659418741862,0.001699581155414719,0.020666758219401043,0.0012472349320385085,1000000.0,8,10.0,linear,"{'C': 1000000.0, 'degree': 8, 'gamma': 10.0, 'kernel': 'linear'}",0.9712389380530974,0.9755011135857461,0.984304932735426,0.9769858945805494,0.00543639463011057,46,1.0,1.0,1.0,1.0,0.0
174,0.0386666456858317,0.0004713141679983425,0.019666671752929688,0.00047137035374583886,1000.0,8,1.0,linear,"{'C': 1000.0, 'degree': 8, 'gamma': 1.0, 'kernel': 'linear'}",0.9712389380530974,0.9755011135857461,0.984304932735426,0.9769858945805494,0.00543639463011057,46,1.0,1.0,1.0,1.0,0.0
219,0.039333343505859375,0.00047137035374583886,0.019999980926513672,0.0,1000000.0,8,1.0,linear,"{'C': 1000000.0, 'degree': 8, 'gamma': 1.0, 'kernel': 'linear'}",0.9712389380530974,0.9755011135857461,0.984304932735426,0.9769858945805494,0.00543639463011057,46,1.0,1.0,1.0,1.0,0.0
216,0.040666659673055015,0.0009426845167186227,0.02066659927368164,0.00047137035374583886,1000000.0,8,0.01,linear,"{'C': 1000000.0, 'degree': 8, 'gamma': 0.01, 'kernel': 'linear'}",0.9712389380530974,0.9755011135857461,0.984304932735426,0.9769858945805494,0.00543639463011057,46,1.0,1.0,1.0,1.0,0.0
213,0.06933339436848958,0.027980204729920806,0.019999980926513672,0.0,1000000.0,8,0.0001,linear,"{'C': 1000000.0, 'degree': 8, 'gamma': 0.0001, 'kernel': 'linear'}",0.9712389380530974,0.9755011135857461,0.984304932735426,0.9769858945805494,0.00543639463011057,46,1.0,1.0,1.0,1.0,0.0
177,0.04066673914591471,0.0009429654906837358,0.020333290100097656,0.00047137035374583886,1000.0,8,10.0,linear,"{'C': 1000.0, 'degree': 8, 'gamma': 10.0, 'kernel': 'linear'}",0.9712389380530974,0.9755011135857461,0.984304932735426,0.9769858945805494,0.00543639463011057,46,1.0,1.0,1.0,1.0,0.0
210,0.04066658020019531,0.00047137035374583886,0.0236666997273763,0.004496875243900932,1000000.0,8,1e-06,linear,"{'C': 1000000.0, 'degree': 8, 'gamma': 1e-06, 'kernel': 'linear'}",0.9712389380530974,0.9755011135857461,0.984304932735426,0.9769858945805494,0.00543639463011057,46,1.0,1.0,1.0,1.0,0.0
197,0.053333282470703125,0.008956542483881951,0.02566679318745931,0.0016997058469827861,1000000.0,4,1e-06,rbf,"{'C': 1000000.0, 'degree': 4, 'gamma': 1e-06, 'kernel': 'rbf'}",0.9690265486725663,0.9755011135857461,0.984304932735426,0.9762435040831478,0.0062592868288841716,102,1.0,1.0,1.0,1.0,0.0
182,0.06566659609476726,0.014383488929267706,0.02500001589457194,0.0008164374328133878,1000000.0,1,1e-06,rbf,"{'C': 1000000.0, 'degree': 1, 'gamma': 1e-06, 'kernel': 'rbf'}",0.9690265486725663,0.9755011135857461,0.984304932735426,0.9762435040831478,0.0062592868288841716,102,1.0,1.0,1.0,1.0,0.0
212,0.04833340644836426,0.002054849120084089,0.02433331807454427,0.0004714827453418679,1000000.0,8,1e-06,rbf,"{'C': 1000000.0, 'degree': 8, 'gamma': 1e-06, 'kernel': 'rbf'}",0.9690265486725663,0.9755011135857461,0.984304932735426,0.9762435040831478,0.0062592868288841716,102,1.0,1.0,1.0,1.0,0.0
125,0.08700005213419597,0.004546010778905351,0.05099987983703613,0.001633069471693681,1,8,0.0001,rbf,"{'C': 1, 'degree': 8, 'gamma': 0.0001, 'kernel': 'rbf'}",0.9668141592920354,0.977728285077951,0.9663677130044843,0.9703043801039347,0.005252656479969995,105,0.9687150837988827,0.9732739420935412,0.9722530521642619,0.9714140260188953,0.001953419376742708
95,0.09333332379659016,0.004027679466125448,0.04966656366984049,0.0030912049312596277,1,1,0.0001,rbf,"{'C': 1, 'degree': 1, 'gamma': 0.0001, 'kernel': 'rbf'}",0.9668141592920354,0.977728285077951,0.9663677130044843,0.9703043801039347,0.005252656479969995,105,0.9687150837988827,0.9732739420935412,0.9722530521642619,0.9714140260188953,0.001953419376742708
110,0.09299993515014648,0.002449506873563189,0.04766686757405599,0.0016996590817492557,1,4,0.0001,rbf,"{'C': 1, 'degree': 4, 'gamma': 0.0001, 'kernel': 'rbf'}",0.9668141592920354,0.977728285077951,0.9663677130044843,0.9703043801039347,0.005252656479969995,105,0.9687150837988827,0.9732739420935412,0.9722530521642619,0.9714140260188953,0.001953419376742708
214,0.05733338991800944,0.0016996590817492557,0.02066667874654134,0.0016996590817492557,1000000.0,8,0.0001,poly,"{'C': 1000000.0, 'degree': 8, 'gamma': 0.0001, 'kernel': 'poly'}",0.9646017699115044,0.9732739420935412,0.9596412556053812,0.9658500371195249,0.00562655458314836,108,1.0,1.0,1.0,1.0,0.0
130,0.059333244959513344,0.00368172161769534,0.0193332036336263,0.0004714827453418679,1,8,1.0,poly,"{'C': 1, 'degree': 8, 'gamma': 1.0, 'kernel': 'poly'}",0.9646017699115044,0.9732739420935412,0.9596412556053812,0.9658500371195249,0.00562655458314836,108,1.0,1.0,1.0,1.0,0.0
133,0.06099987030029297,0.004320364597193974,0.01900005340576172,0.0008164374018695076,1,8,10.0,poly,"{'C': 1, 'degree': 8, 'gamma': 10.0, 'kernel': 'poly'}",0.9646017699115044,0.9732739420935412,0.9596412556053812,0.9658500371195249,0.00562655458314836,108,1.0,1.0,1.0,1.0,0.0
217,0.05633338292439779,0.004189928505164566,0.020333210627237957,0.002054745983452842,1000000.0,8,0.01,poly,"{'C': 1000000.0, 'degree': 8, 'gamma': 0.01, 'kernel': 'poly'}",0.9646017699115044,0.9732739420935412,0.9596412556053812,0.9658500371195249,0.00562655458314836,108,1.0,1.0,1.0,1.0,0.0
220,0.054999987284342446,0.002160200692859184,0.0279999574025472,0.013441213736483933,1000000.0,8,1.0,poly,"{'C': 1000000.0, 'degree': 8, 'gamma': 1.0, 'kernel': 'poly'}",0.9646017699115044,0.9732739420935412,0.9596412556053812,0.9658500371195249,0.00562655458314836,108,1.0,1.0,1.0,1.0,0.0
127,0.056000073750813804,0.001414392043576697,0.019333442052205402,0.0026245900810349084,1,8,0.01,poly,"{'C': 1, 'degree': 8, 'gamma': 0.01, 'kernel': 'poly'}",0.9646017699115044,0.9732739420935412,0.9596412556053812,0.9658500371195249,0.00562655458314836,108,1.0,1.0,1.0,1.0,0.0
172,0.05799992879231771,0.00294392288101254,0.02066667874654134,0.0009428530990877068,1000.0,8,0.01,poly,"{'C': 1000.0, 'degree': 8, 'gamma': 0.01, 'kernel': 'poly'}",0.9646017699115044,0.9732739420935412,0.9596412556053812,0.9658500371195249,0.00562655458314836,108,1.0,1.0,1.0,1.0,0.0
85,0.05733338991800944,0.0016996590817492557,0.01900005340576172,0.0008164374018695076,0.001,8,1.0,poly,"{'C': 0.001, 'degree': 8, 'gamma': 1.0, 'kernel': 'poly'}",0.9646017699115044,0.9732739420935412,0.9596412556053812,0.9658500371195249,0.00562655458314836,108,1.0,1.0,1.0,1.0,0.0
178,0.05533337593078613,0.002054849120084089,0.01899997393290202,0.0008164374096054778,1000.0,8,10.0,poly,"{'C': 1000.0, 'degree': 8, 'gamma': 10.0, 'kernel': 'poly'}",0.9646017699115044,0.9732739420935412,0.9596412556053812,0.9658500371195249,0.00562655458314836,108,1.0,1.0,1.0,1.0,0.0
88,0.05666669209798177,0.0009428530990877068,0.018999814987182617,0.0008166320698241736,0.001,8,10.0,poly,"{'C': 0.001, 'degree': 8, 'gamma': 10.0, 'kernel': 'poly'}",0.9646017699115044,0.9732739420935412,0.9596412556053812,0.9658500371195249,0.00562655458314836,108,1.0,1.0,1.0,1.0,0.0
175,0.05833331743876139,0.004784108092779862,0.01899997393290202,0.0008165347377806026,1000.0,8,1.0,poly,"{'C': 1000.0, 'degree': 8, 'gamma': 1.0, 'kernel': 'poly'}",0.9646017699115044,0.9732739420935412,0.9596412556053812,0.9658500371195249,0.00562655458314836,108,1.0,1.0,1.0,1.0,0.0
37,0.06833338737487793,0.016110744171080597,0.018666585286458332,0.0009428530990877068,1e-06,8,0.01,poly,"{'C': 1e-06, 'degree': 8, 'gamma': 0.01, 'kernel': 'poly'}",0.9646017699115044,0.9732739420935412,0.9596412556053812,0.9658500371195249,0.00562655458314836,108,1.0,1.0,1.0,1.0,0.0
223,0.05766669909159342,0.00047148278552956437,0.019333283106486004,0.0012471499763186422,1000000.0,8,10.0,poly,"{'C': 1000000.0, 'degree': 8, 'gamma': 10.0, 'kernel': 'poly'}",0.9646017699115044,0.9732739420935412,0.9596412556053812,0.9658500371195249,0.00562655458314836,108,1.0,1.0,1.0,1.0,0.0
40,0.0559999148050944,0.0016329721386832868,0.01833343505859375,0.00047137035374583886,1e-06,8,1.0,poly,"{'C': 1e-06, 'degree': 8, 'gamma': 1.0, 'kernel': 'poly'}",0.9646017699115044,0.9732739420935412,0.9596412556053812,0.9658500371195249,0.00562655458314836,108,1.0,1.0,1.0,1.0,0.0
82,0.057000160217285156,0.0037417047961155257,0.02133329709370931,0.0040278373190992325,0.001,8,0.01,poly,"{'C': 0.001, 'degree': 8, 'gamma': 0.01, 'kernel': 'poly'}",0.9646017699115044,0.9732739420935412,0.9596412556053812,0.9658500371195249,0.00562655458314836,108,1.0,1.0,1.0,1.0,0.0
43,0.059666713078816734,0.002624701104905585,0.021666685740152996,0.0032999938752468344,1e-06,8,10.0,poly,"{'C': 1e-06, 'degree': 8, 'gamma': 10.0, 'kernel': 'poly'}",0.9646017699115044,0.9732739420935412,0.9596412556053812,0.9658500371195249,0.00562655458314836,108,1.0,1.0,1.0,1.0,0.0
94,0.09399994214375813,0.004320474963289261,0.045666774113972984,0.0009428530990877068,1,1,0.0001,poly,"{'C': 1, 'degree': 1, 'gamma': 0.0001, 'kernel': 'poly'}",0.9469026548672567,0.955456570155902,0.9484304932735426,0.9502598366740905,0.003727204104727736,124,0.9530726256983241,0.9565701559020044,0.9578246392896781,0.9558224736300023,0.002010751083219595
169,0.10166660944620769,0.0009427969083140529,0.032999912897745766,0.0008165347377806026,1000.0,8,0.0001,poly,"{'C': 1000.0, 'degree': 8, 'gamma': 0.0001, 'kernel': 'poly'}",0.9247787610619469,0.9354120267260579,0.92152466367713,0.9272457312546399,0.005925282303286226,125,0.9486033519553073,0.9543429844097996,0.9544950055493896,0.9524804473048322,0.002742222805037424
188,0.2953333854675293,0.0051855796542998435,0.06933331489562988,0.0018856500048895044,1000000.0,1,0.01,rbf,"{'C': 1000000.0, 'degree': 1, 'gamma': 0.01, 'kernel': 'rbf'}",0.827433628318584,0.7928730512249443,0.7914798206278026,0.8040089086859689,0.01665653296840748,126,1.0,1.0,1.0,1.0,0.0
143,0.4843332767486572,0.16614926064210267,0.07100001970926921,0.00374187471479013,1000.0,1,0.01,rbf,"{'C': 1000.0, 'degree': 1, 'gamma': 0.01, 'kernel': 'rbf'}",0.827433628318584,0.7928730512249443,0.7914798206278026,0.8040089086859689,0.01665653296840748,126,1.0,1.0,1.0,1.0,0.0
173,0.2886666456858317,0.003771356201808846,0.06833338737487793,0.00047137035374583886,1000.0,8,0.01,rbf,"{'C': 1000.0, 'degree': 8, 'gamma': 0.01, 'kernel': 'rbf'}",0.827433628318584,0.7928730512249443,0.7914798206278026,0.8040089086859689,0.01665653296840748,126,1.0,1.0,1.0,1.0,0.0
158,0.29133327802022296,0.0023570765519212522,0.06733338038126628,0.0012471499763186422,1000.0,4,0.01,rbf,"{'C': 1000.0, 'degree': 4, 'gamma': 0.01, 'kernel': 'rbf'}",0.827433628318584,0.7928730512249443,0.7914798206278026,0.8040089086859689,0.01665653296840748,126,1.0,1.0,1.0,1.0,0.0
218,0.29366668065388996,0.0016996590817492559,0.06799999872843425,0.001632874807607,1000000.0,8,0.01,rbf,"{'C': 1000000.0, 'degree': 8, 'gamma': 0.01, 'kernel': 'rbf'}",0.827433628318584,0.7928730512249443,0.7914798206278026,0.8040089086859689,0.01665653296840748,126,1.0,1.0,1.0,1.0,0.0
203,0.29133327802022296,0.004190061280157053,0.06866677602132161,0.00249436366318727,1000000.0,4,0.01,rbf,"{'C': 1000000.0, 'degree': 4, 'gamma': 0.01, 'kernel': 'rbf'}",0.827433628318584,0.7928730512249443,0.7914798206278026,0.8040089086859689,0.01665653296840748,126,1.0,1.0,1.0,1.0,0.0
98,0.3386666774749756,0.03256105151277953,0.08633335431416829,0.02107652540712157,1,1,0.01,rbf,"{'C': 1, 'degree': 1, 'gamma': 0.01, 'kernel': 'rbf'}",0.8163716814159292,0.779510022271715,0.7825112107623319,0.7928730512249443,0.016744112980939512,132,1.0,1.0,1.0,1.0,0.0
128,0.3216666380564372,0.035593387710962585,0.08400003115336101,0.018402972324252653,1,8,0.01,rbf,"{'C': 1, 'degree': 8, 'gamma': 0.01, 'kernel': 'rbf'}",0.8163716814159292,0.779510022271715,0.7825112107623319,0.7928730512249443,0.016744112980939512,132,1.0,1.0,1.0,1.0,0.0
113,0.2936665217081706,0.0004714827453418679,0.0690000057220459,0.0008164374018695076,1,4,0.01,rbf,"{'C': 1, 'degree': 4, 'gamma': 0.01, 'kernel': 'rbf'}",0.8163716814159292,0.779510022271715,0.7825112107623319,0.7928730512249443,0.016744112980939512,132,1.0,1.0,1.0,1.0,0.0
109,0.21733331680297852,0.0024944486232479886,0.06299996376037598,0.002943895885135575,1,4,0.0001,poly,"{'C': 1, 'degree': 4, 'gamma': 0.0001, 'kernel': 'poly'}",0.6880530973451328,0.6748329621380846,0.6681614349775785,0.6770601336302895,0.008271854348660177,135,0.7083798882681565,0.6681514476614699,0.7003329633740288,0.6922880997678851,0.017380481988761957
52,0.21066673596700033,0.0009426845167186227,0.05900001525878906,0.0028285592972631204,0.001,1,0.01,poly,"{'C': 0.001, 'degree': 1, 'gamma': 0.01, 'kernel': 'poly'}",0.5066371681415929,0.5100222717149221,0.5224215246636771,0.5129918337045286,0.006777286619246131,136,0.5106145251396648,0.5267260579064588,0.5249722530521642,0.5207709453660959,0.00721727611261717
13,0.21300005912780762,0.0032658469458067166,0.05900001525878906,0.0024494095453876027,1e-06,1,10.0,poly,"{'C': 1e-06, 'degree': 1, 'gamma': 10.0, 'kernel': 'poly'}",0.5066371681415929,0.5100222717149221,0.5224215246636771,0.5129918337045286,0.006777286619246131,136,0.5106145251396648,0.5267260579064588,0.5249722530521642,0.5207709453660959,0.00721727611261717
221,0.4483333428700765,0.030269113196467544,0.14133334159851074,0.04579168418878975,1000000.0,8,1.0,rbf,"{'C': 1000000.0, 'degree': 8, 'gamma': 1.0, 'kernel': 'rbf'}",0.10619469026548672,0.10690423162583519,0.10538116591928251,0.10616184112843356,0.0006211847911171387,138,1.0,1.0,1.0,1.0,0.0
151,0.26400001843770343,0.04692557745028034,0.0689999262491862,0.004082381678849324,1000.0,4,1e-06,poly,"{'C': 1000.0, 'degree': 4, 'gamma': 1e-06, 'kernel': 'poly'}",0.10619469026548672,0.10690423162583519,0.10538116591928251,0.10616184112843356,0.0006211847911171387,138,0.10614525139664804,0.10579064587973273,0.10654827968923418,0.10616139232187166,0.0003095132139615623
191,0.42133339246114093,0.00865380330260404,0.10200007756551106,0.0016330694755612052,1000000.0,1,1.0,rbf,"{'C': 1000000.0, 'degree': 1, 'gamma': 1.0, 'kernel': 'rbf'}",0.10619469026548672,0.10690423162583519,0.10538116591928251,0.10616184112843356,0.0006211847911171387,138,1.0,1.0,1.0,1.0,0.0
166,0.23766660690307617,0.00047120177640471074,0.06333335240681966,0.0020548362321303974,1000.0,8,1e-06,poly,"{'C': 1000.0, 'degree': 8, 'gamma': 1e-06, 'kernel': 'poly'}",0.10619469026548672,0.10690423162583519,0.10538116591928251,0.10616184112843356,0.0006211847911171387,138,0.10614525139664804,0.10579064587973273,0.10654827968923418,0.10616139232187166,0.0003095132139615623
211,0.23799991607666016,0.005887926747654973,0.064666748046875,0.003299785147645537,1000000.0,8,1e-06,poly,"{'C': 1000000.0, 'degree': 8, 'gamma': 1e-06, 'kernel': 'poly'}",0.10619469026548672,0.10690423162583519,0.10538116591928251,0.10616184112843356,0.0006211847911171387,138,0.10614525139664804,0.10579064587973273,0.10654827968923418,0.10616139232187166,0.0003095132139615623
179,0.42999998728434247,0.003558991428027895,0.10266677538553874,0.001699627911644183,1000.0,8,10.0,rbf,"{'C': 1000.0, 'degree': 8, 'gamma': 10.0, 'kernel': 'rbf'}",0.10619469026548672,0.10690423162583519,0.10538116591928251,0.10616184112843356,0.0006211847911171387,138,1.0,1.0,1.0,1.0,0.0
164,0.437999963760376,0.018384909209932816,0.12800002098083496,0.03394119428075062,1000.0,4,10.0,rbf,"{'C': 1000.0, 'degree': 4, 'gamma': 10.0, 'kernel': 'rbf'}",0.10619469026548672,0.10690423162583519,0.10538116591928251,0.10616184112843356,0.0006211847911171387,138,1.0,1.0,1.0,1.0,0.0
206,0.48766668637593585,0.08024289153778871,0.10266661643981934,0.0012471924650301926,1000000.0,4,1.0,rbf,"{'C': 1000000.0, 'degree': 4, 'gamma': 1.0, 'kernel': 'rbf'}",0.10619469026548672,0.10690423162583519,0.10538116591928251,0.10616184112843356,0.0006211847911171387,138,1.0,1.0,1.0,1.0,0.0
161,0.4440000851949056,0.021771660466261736,0.10199999809265137,1.9466795466607238e-07,1000.0,4,1.0,rbf,"{'C': 1000.0, 'degree': 4, 'gamma': 1.0, 'kernel': 'rbf'}",0.10619469026548672,0.10690423162583519,0.10538116591928251,0.10616184112843356,0.0006211847911171387,138,1.0,1.0,1.0,1.0,0.0
196,0.23100010553995767,0.004545940851708421,0.06366658210754395,0.0023571889435172813,1000000.0,4,1e-06,poly,"{'C': 1000000.0, 'degree': 4, 'gamma': 1e-06, 'kernel': 'poly'}",0.10619469026548672,0.10690423162583519,0.10538116591928251,0.10616184112843356,0.0006211847911171387,138,0.10614525139664804,0.10579064587973273,0.10654827968923418,0.10616139232187166,0.0003095132139615623
194,0.43133338292439777,0.010338694320176051,0.1096666653951009,0.004496981280836634,1000000.0,1,10.0,rbf,"{'C': 1000000.0, 'degree': 1, 'gamma': 10.0, 'kernel': 'rbf'}",0.10619469026548672,0.10690423162583519,0.10538116591928251,0.10616184112843356,0.0006211847911171387,138,1.0,1.0,1.0,1.0,0.0
176,0.47599999109903973,0.0682788706210207,0.10266677538553874,0.0009427969083140529,1000.0,8,1.0,rbf,"{'C': 1000.0, 'degree': 8, 'gamma': 1.0, 'kernel': 'rbf'}",0.10619469026548672,0.10690423162583519,0.10538116591928251,0.10616184112843356,0.0006211847911171387,138,1.0,1.0,1.0,1.0,0.0
209,0.4280000527699788,0.0037416835544726453,0.10166668891906738,0.0016997370119428347,1000000.0,4,10.0,rbf,"{'C': 1000000.0, 'degree': 4, 'gamma': 10.0, 'kernel': 'rbf'}",0.10619469026548672,0.10690423162583519,0.10538116591928251,0.10616184112843356,0.0006211847911171387,138,1.0,1.0,1.0,1.0,0.0
0,0.1893333594004313,0.030652135377920314,0.05233327547709147,0.0012471499763186424,1e-06,1,1e-06,linear,"{'C': 1e-06, 'degree': 1, 'gamma': 1e-06, 'kernel': 'linear'}",0.10619469026548672,0.10690423162583519,0.10538116591928251,0.10616184112843356,0.0006211847911171387,138,0.10614525139664804,0.10579064587973273,0.10654827968923418,0.10616139232187166,0.0003095132139615623
146,0.4906667073567708,0.08188348343176167,0.10366662343343098,0.00047142655959197545,1000.0,1,1.0,rbf,"{'C': 1000.0, 'degree': 1, 'gamma': 1.0, 'kernel': 'rbf'}",0.10619469026548672,0.10690423162583519,0.10538116591928251,0.10616184112843356,0.0006211847911171387,138,1.0,1.0,1.0,1.0,0.0
21,0.21433337529500326,0.010077556879013379,0.054666757583618164,0.0024944486232479886,1e-06,4,0.01,linear,"{'C': 1e-06, 'degree': 4, 'gamma': 0.01, 'kernel': 'linear'}",0.10619469026548672,0.10690423162583519,0.10538116591928251,0.10616184112843356,0.0006211847911171387,138,0.10614525139664804,0.10579064587973273,0.10654827968923418,0.10616139232187166,0.0003095132139615623
23,0.25966660181681317,0.003681815153285634,0.06633345286051433,0.0009428530990877068,1e-06,4,0.01,rbf,"{'C': 1e-06, 'degree': 4, 'gamma': 0.01, 'kernel': 'rbf'}",0.10619469026548672,0.10690423162583519,0.10538116591928251,0.10616184112843356,0.0006211847911171387,138,0.10614525139664804,0.10579064587973273,0.10654827968923418,0.10616139232187166,0.0003095132139615623
24,0.20166667302449545,0.005249432489961585,0.05333336194356283,0.0018855938065793843,1e-06,4,1.0,linear,"{'C': 1e-06, 'degree': 4, 'gamma': 1.0, 'kernel': 'linear'}",0.10619469026548672,0.10690423162583519,0.10538116591928251,0.10616184112843356,0.0006211847911171387,138,0.10614525139664804,0.10579064587973273,0.10654827968923418,0.10616139232187166,0.0003095132139615623
26,0.3646666208902995,0.003681815153285634,0.11399976412455241,0.01489965661696984,1e-06,4,1.0,rbf,"{'C': 1e-06, 'degree': 4, 'gamma': 1.0, 'kernel': 'rbf'}",0.10619469026548672,0.10690423162583519,0.10538116591928251,0.10616184112843356,0.0006211847911171387,138,0.10614525139664804,0.10579064587973273,0.10654827968923418,0.10616139232187166,0.0003095132139615623
27,0.21066665649414062,0.004642836171117791,0.056999921798706055,0.004320511752335753,1e-06,4,10.0,linear,"{'C': 1e-06, 'degree': 4, 'gamma': 10.0, 'kernel': 'linear'}",0.10619469026548672,0.10690423162583519,0.10538116591928251,0.10616184112843356,0.0006211847911171387,138,0.10614525139664804,0.10579064587973273,0.10654827968923418,0.10616139232187166,0.0003095132139615623
29,0.37666670481363934,0.004642676407518206,0.10066668192545573,0.0012472349320385085,1e-06,4,10.0,rbf,"{'C': 1e-06, 'degree': 4, 'gamma': 10.0, 'kernel': 'rbf'}",0.10619469026548672,0.10690423162583519,0.10538116591928251,0.10616184112843356,0.0006211847911171387,138,0.10614525139664804,0.10579064587973273,0.10654827968923418,0.10616139232187166,0.0003095132139615623
20,0.28133344650268555,0.032293809658046464,0.0713333288828532,0.006182367013500247,1e-06,4,0.0001,rbf,"{'C': 1e-06, 'degree': 4, 'gamma': 0.0001, 'kernel': 'rbf'}",0.10619469026548672,0.10690423162583519,0.10538116591928251,0.10616184112843356,0.0006211847911171387,138,0.10614525139664804,0.10579064587973273,0.10654827968923418,0.10616139232187166,0.0003095132139615623
30,0.20199990272521973,0.004242670358500637,0.05433336893717448,0.0009428530990877068,1e-06,8,1e-06,linear,"{'C': 1e-06, 'degree': 8, 'gamma': 1e-06, 'kernel': 'linear'}",0.10619469026548672,0.10690423162583519,0.10538116591928251,0.10616184112843356,0.0006211847911171387,138,0.10614525139664804,0.10579064587973273,0.10654827968923418,0.10616139232187166,0.0003095132139615623
32,0.3036666711171468,0.07308599293964911,0.06833338737487793,0.0016996902587145756,1e-06,8,1e-06,rbf,"{'C': 1e-06, 'degree': 8, 'gamma': 1e-06, 'kernel': 'rbf'}",0.10619469026548672,0.10690423162583519,0.10538116591928251,0.10616184112843356,0.0006211847911171387,138,0.10614525139664804,0.10579064587973273,0.10654827968923418,0.10616139232187166,0.0003095132139615623
33,0.20233329137166342,0.0026245900810349084,0.0516667366027832,0.00047137035374583886,1e-06,8,0.0001,linear,"{'C': 1e-06, 'degree': 8, 'gamma': 0.0001, 'kernel': 'linear'}",0.10619469026548672,0.10690423162583519,0.10538116591928251,0.10616184112843356,0.0006211847911171387,138,0.10614525139664804,0.10579064587973273,0.10654827968923418,0.10616139232187166,0.0003095132139615623
34,0.23133333524068198,0.0037713562018088466,0.060333251953125,0.00047137035374583886,1e-06,8,0.0001,poly,"{'C': 1e-06, 'degree': 8, 'gamma': 0.0001, 'kernel': 'poly'}",0.10619469026548672,0.10690423162583519,0.10538116591928251,0.10616184112843356,0.0006211847911171387,138,0.10614525139664804,0.10579064587973273,0.10654827968923418,0.10616139232187166,0.0003095132139615623
35,0.2543333371480306,0.004921649283897455,0.0666666825612386,0.00047125800235667525,1e-06,8,0.0001,rbf,"{'C': 1e-06, 'degree': 8, 'gamma': 0.0001, 'kernel': 'rbf'}",0.10619469026548672,0.10690423162583519,0.10538116591928251,0.10616184112843356,0.0006211847911171387,138,0.10614525139664804,0.10579064587973273,0.10654827968923418,0.10616139232187166,0.0003095132139615623
36,0.20166667302449545,0.006128207970054982,0.05466667811075846,0.0030912049312596277,1e-06,8,0.01,linear,"{'C': 1e-06, 'degree': 8, 'gamma': 0.01, 'kernel': 'linear'}",0.10619469026548672,0.10690423162583519,0.10538116591928251,0.10616184112843356,0.0006211847911171387,138,0.10614525139664804,0.10579064587973273,0.10654827968923418,0.10616139232187166,0.0003095132139615623
38,0.290666659673055,0.03847368382979814,0.06766668955485027,0.0004713141679983425,1e-06,8,0.01,rbf,"{'C': 1e-06, 'degree': 8, 'gamma': 0.01, 'kernel': 'rbf'}",0.10619469026548672,0.10690423162583519,0.10538116591928251,0.10616184112843356,0.0006211847911171387,138,0.10614525139664804,0.10579064587973273,0.10654827968923418,0.10616139232187166,0.0003095132139615623
31,0.23199995358784994,0.0024495068761416403,0.062333265940348305,0.0012471499763186424,1e-06,8,1e-06,poly,"{'C': 1e-06, 'degree': 8, 'gamma': 1e-06, 'kernel': 'poly'}",0.10619469026548672,0.10690423162583519,0.10538116591928251,0.10616184112843356,0.0006211847911171387,138,0.10614525139664804,0.10579064587973273,0.10654827968923418,0.10616139232187166,0.0003095132139615623
19,0.22333335876464844,0.003299929651008959,0.06000002225240072,0.0014140548687894086,1e-06,4,0.0001,poly,"{'C': 1e-06, 'degree': 4, 'gamma': 0.0001, 'kernel': 'poly'}",0.10619469026548672,0.10690423162583519,0.10538116591928251,0.10616184112843356,0.0006211847911171387,138,0.10614525139664804,0.10579064587973273,0.10654827968923418,0.10616139232187166,0.0003095132139615623
18,0.19666663805643717,0.0024945335854789155,0.054000139236450195,0.0008164374018695076,1e-06,4,0.0001,linear,"{'C': 1e-06, 'degree': 4, 'gamma': 0.0001, 'kernel': 'linear'}",0.10619469026548672,0.10690423162583519,0.10538116591928251,0.10616184112843356,0.0006211847911171387,138,0.10614525139664804,0.10579064587973273,0.10654827968923418,0.10616139232187166,0.0003095132139615623
17,0.25466664632161456,0.004189846312889298,0.06866661707560222,0.0012472349320385085,1e-06,4,1e-06,rbf,"{'C': 1e-06, 'degree': 4, 'gamma': 1e-06, 'kernel': 'rbf'}",0.10619469026548672,0.10690423162583519,0.10538116591928251,0.10616184112843356,0.0006211847911171387,138,0.10614525139664804,0.10579064587973273,0.10654827968923418,0.10616139232187166,0.0003095132139615623
1,0.23000009854634604,0.01606240167863779,0.05766654014587402,0.0009427407074916777,1e-06,1,1e-06,poly,"{'C': 1e-06, 'degree': 1, 'gamma': 1e-06, 'kernel': 'poly'}",0.10619469026548672,0.10690423162583519,0.10538116591928251,0.10616184112843356,0.0006211847911171387,138,0.10614525139664804,0.10579064587973273,0.10654827968923418,0.10616139232187166,0.0003095132139615623
2,0.2600000699361165,0.006164457114486585,0.06733322143554688,0.0012473198920991992,1e-06,1,1e-06,rbf,"{'C': 1e-06, 'degree': 1, 'gamma': 1e-06, 'kernel': 'rbf'}",0.10619469026548672,0.10690423162583519,0.10538116591928251,0.10616184112843356,0.0006211847911171387,138,0.10614525139664804,0.10579064587973273,0.10654827968923418,0.10616139232187166,0.0003095132139615623
3,0.23766660690307617,0.051343985625080614,0.051999966303507485,0.0008164374096054778,1e-06,1,0.0001,linear,"{'C': 1e-06, 'degree': 1, 'gamma': 0.0001, 'kernel': 'linear'}",0.10619469026548672,0.10690423162583519,0.10538116591928251,0.10616184112843356,0.0006211847911171387,138,0.10614525139664804,0.10579064587973273,0.10654827968923418,0.10616139232187166,0.0003095132139615623
4,0.21299990018208823,0.003265846941938847,0.05533337593078613,0.00047137035374583886,1e-06,1,0.0001,poly,"{'C': 1e-06, 'degree': 1, 'gamma': 0.0001, 'kernel': 'poly'}",0.10619469026548672,0.10690423162583519,0.10538116591928251,0.10616184112843356,0.0006211847911171387,138,0.10614525139664804,0.10579064587973273,0.10654827968923418,0.10616139232187166,0.0003095132139615623
5,0.25800005594889325,0.004242614163819139,0.06933323542277019,0.0040276334286257895,1e-06,1,0.0001,rbf,"{'C': 1e-06, 'degree': 1, 'gamma': 0.0001, 'kernel': 'rbf'}",0.10619469026548672,0.10690423162583519,0.10538116591928251,0.10616184112843356,0.0006211847911171387,138,0.10614525139664804,0.10579064587973273,0.10654827968923418,0.10616139232187166,0.0003095132139615623
6,0.20200006167093912,0.00454602825949452,0.05300005276997884,0.0008165347377806026,1e-06,1,0.01,linear,"{'C': 1e-06, 'degree': 1, 'gamma': 0.01, 'kernel': 'linear'}",0.10619469026548672,0.10690423162583519,0.10538116591928251,0.10616184112843356,0.0006211847911171387,138,0.10614525139664804,0.10579064587973273,0.10654827968923418,0.10616139232187166,0.0003095132139615623
7,0.21466652552286783,0.002494342423985981,0.058333396911621094,0.003299929651008959,1e-06,1,0.01,poly,"{'C': 1e-06, 'degree': 1, 'gamma': 0.01, 'kernel': 'poly'}",0.10619469026548672,0.10690423162583519,0.10538116591928251,0.10616184112843356,0.0006211847911171387,138,0.10614525139664804,0.10579064587973273,0.10654827968923418,0.10616139232187166,0.0003095132139615623
8,0.2609998385111491,0.007788887822111975,0.07100001970926921,0.004242726555415139,1e-06,1,0.01,rbf,"{'C': 1e-06, 'degree': 1, 'gamma': 0.01, 'kernel': 'rbf'}",0.10619469026548672,0.10690423162583519,0.10538116591928251,0.10616184112843356,0.0006211847911171387,138,0.10614525139664804,0.10579064587973273,0.10654827968923418,0.10616139232187166,0.0003095132139615623
9,0.1999999682108561,0.003558991428027895,0.05333336194356283,0.0012472349320385085,1e-06,1,1.0,linear,"{'C': 1e-06, 'degree': 1, 'gamma': 1.0, 'kernel': 'linear'}",0.10619469026548672,0.10690423162583519,0.10538116591928251,0.10616184112843356,0.0006211847911171387,138,0.10614525139664804,0.10579064587973273,0.10654827968923418,0.10616139232187166,0.0003095132139615623
10,0.21266659100850424,0.002494554823052612,0.05800008773803711,0.0021604214264071427,1e-06,1,1.0,poly,"{'C': 1e-06, 'degree': 1, 'gamma': 1.0, 'kernel': 'poly'}",0.10619469026548672,0.10690423162583519,0.10538116591928251,0.10616184112843356,0.0006211847911171387,138,0.10614525139664804,0.10579064587973273,0.10654827968923418,0.10616139232187166,0.0003095132139615623
11,0.3636667728424072,0.0016996902587145756,0.10833319028218587,0.0038587376907860188,1e-06,1,1.0,rbf,"{'C': 1e-06, 'degree': 1, 'gamma': 1.0, 'kernel': 'rbf'}",0.10619469026548672,0.10690423162583519,0.10538116591928251,0.10616184112843356,0.0006211847911171387,138,0.10614525139664804,0.10579064587973273,0.10654827968923418,0.10616139232187166,0.0003095132139615623
12,0.20133328437805176,0.0024944486232479886,0.05733338991800944,0.002624701104905585,1e-06,1,10.0,linear,"{'C': 1e-06, 'degree': 1, 'gamma': 10.0, 'kernel': 'linear'}",0.10619469026548672,0.10690423162583519,0.10538116591928251,0.10616184112843356,0.0006211847911171387,138,0.10614525139664804,0.10579064587973273,0.10654827968923418,0.10616139232187166,0.0003095132139615623
14,0.374666690826416,0.0052492911859113875,0.10166668891906738,0.0024944486232479886,1e-06,1,10.0,rbf,"{'C': 1e-06, 'degree': 1, 'gamma': 10.0, 'kernel': 'rbf'}",0.10619469026548672,0.10690423162583519,0.10538116591928251,0.10616184112843356,0.0006211847911171387,138,0.10614525139664804,0.10579064587973273,0.10654827968923418,0.10616139232187166,0.0003095132139615623
15,0.20399999618530273,0.0014141110612375166,0.053333282470703125,0.001247128731420033,1e-06,4,1e-06,linear,"{'C': 1e-06, 'degree': 4, 'gamma': 1e-06, 'kernel': 'linear'}",0.10619469026548672,0.10690423162583519,0.10538116591928251,0.10616184112843356,0.0006211847911171387,138,0.10614525139664804,0.10579064587973273,0.10654827968923418,0.10616139232187166,0.0003095132139615623
16,0.22466667493184408,0.0012472136936510618,0.0753333568572998,0.021013220707582235,1e-06,4,1e-06,poly,"{'C': 1e-06, 'degree': 4, 'gamma': 1e-06, 'kernel': 'poly'}",0.10619469026548672,0.10690423162583519,0.10538116591928251,0.10616184112843356,0.0006211847911171387,138,0.10614525139664804,0.10579064587973273,0.10654827968923418,0.10616139232187166,0.0003095132139615623
39,0.20166651407877603,0.004189928505164566,0.05366667111714681,0.002356964160325223,1e-06,8,1.0,linear,"{'C': 1e-06, 'degree': 8, 'gamma': 1.0, 'kernel': 'linear'}",0.10619469026548672,0.10690423162583519,0.10538116591928251,0.10616184112843356,0.0006211847911171387,138,0.10614525139664804,0.10579064587973273,0.10654827968923418,0.10616139232187166,0.0003095132139615623
41,0.3686665693918864,0.0032998734566464395,0.10600010553995769,0.0008164374096054777,1e-06,8,1.0,rbf,"{'C': 1e-06, 'degree': 8, 'gamma': 1.0, 'kernel': 'rbf'}",0.10619469026548672,0.10690423162583519,0.10538116591928251,0.10616184112843356,0.0006211847911171387,138,0.10614525139664804,0.10579064587973273,0.10654827968923418,0.10616139232187166,0.0003095132139615623
42,0.23866661389668783,0.05195730755412523,0.0666666825612386,0.013274761792383925,1e-06,8,10.0,linear,"{'C': 1e-06, 'degree': 8, 'gamma': 10.0, 'kernel': 'linear'}",0.10619469026548672,0.10690423162583519,0.10538116591928251,0.10616184112843356,0.0006211847911171387,138,0.10614525139664804,0.10579064587973273,0.10654827968923418,0.10616139232187166,0.0003095132139615623
44,0.37466661135355633,0.003771187613158769,0.10533332824707031,0.005436444332668221,1e-06,8,10.0,rbf,"{'C': 1e-06, 'degree': 8, 'gamma': 10.0, 'kernel': 'rbf'}",0.10619469026548672,0.10690423162583519,0.10538116591928251,0.10616184112843356,0.0006211847911171387,138,0.10614525139664804,0.10579064587973273,0.10654827968923418,0.10616139232187166,0.0003095132139615623
86,0.37999987602233887,0.0035589467688834425,0.10266677538553874,0.0012470437735299024,0.001,8,1.0,rbf,"{'C': 0.001, 'degree': 8, 'gamma': 1.0, 'kernel': 'rbf'}",0.10619469026548672,0.10690423162583519,0.10538116591928251,0.10616184112843356,0.0006211847911171387,138,0.10614525139664804,0.10579064587973273,0.10654827968923418,0.10616139232187166,0.0003095132139615623
89,0.4053333600362142,0.025223415736797723,0.10433332125345866,0.0016996590817492557,0.001,8,10.0,rbf,"{'C': 0.001, 'degree': 8, 'gamma': 10.0, 'kernel': 'rbf'}",0.10619469026548672,0.10690423162583519,0.10538116591928251,0.10616184112843356,0.0006211847911171387,138,0.10614525139664804,0.10579064587973273,0.10654827968923418,0.10616139232187166,0.0003095132139615623
91,0.21733339627583823,0.0028675295588702935,0.061666647593180336,0.004921649283897455,1,1,1e-06,poly,"{'C': 1, 'degree': 1, 'gamma': 1e-06, 'kernel': 'poly'}",0.10619469026548672,0.10690423162583519,0.10538116591928251,0.10616184112843356,0.0006211847911171387,138,0.10614525139664804,0.10579064587973273,0.10654827968923418,0.10616139232187166,0.0003095132139615623
92,0.2590000629425049,0.010198001246975235,0.07033340136210124,0.00329981725941293,1,1,1e-06,rbf,"{'C': 1, 'degree': 1, 'gamma': 1e-06, 'kernel': 'rbf'}",0.10619469026548672,0.10690423162583519,0.10538116591928251,0.10616184112843356,0.0006211847911171387,138,0.10614525139664804,0.10579064587973273,0.10654827968923418,0.10616139232187166,0.0003095132139615623
101,0.40200010935465497,0.006377028597610028,0.10433316230773926,0.001247128731420033,1,1,1.0,rbf,"{'C': 1, 'degree': 1, 'gamma': 1.0, 'kernel': 'rbf'}",0.10619469026548672,0.10690423162583519,0.10538116591928251,0.10616184112843356,0.0006211847911171387,138,1.0,1.0,1.0,1.0,0.0
104,0.47366658846537274,0.08485806401081455,0.10066676139831543,0.0018854814250326753,1,1,10.0,rbf,"{'C': 1, 'degree': 1, 'gamma': 10.0, 'kernel': 'rbf'}",0.10619469026548672,0.10690423162583519,0.10538116591928251,0.10616184112843356,0.0006211847911171387,138,1.0,1.0,1.0,1.0,0.0
106,0.22533329327901205,0.003299680784635904,0.05866654713948568,0.0016996590817492557,1,4,1e-06,poly,"{'C': 1, 'degree': 4, 'gamma': 1e-06, 'kernel': 'poly'}",0.10619469026548672,0.10690423162583519,0.10538116591928251,0.10616184112843356,0.0006211847911171387,138,0.10614525139664804,0.10579064587973273,0.10654827968923418,0.10616139232187166,0.0003095132139615623
107,0.25100000699361164,0.002160347853012811,0.06966662406921387,0.0051854110696463755,1,4,1e-06,rbf,"{'C': 1, 'degree': 4, 'gamma': 1e-06, 'kernel': 'rbf'}",0.10619469026548672,0.10690423162583519,0.10538116591928251,0.10616184112843356,0.0006211847911171387,138,0.10614525139664804,0.10579064587973273,0.10654827968923418,0.10616139232187166,0.0003095132139615623
116,0.3956666787465413,0.007318084584537532,0.10333339373270671,0.0018857061981754136,1,4,1.0,rbf,"{'C': 1, 'degree': 4, 'gamma': 1.0, 'kernel': 'rbf'}",0.10619469026548672,0.10690423162583519,0.10538116591928251,0.10616184112843356,0.0006211847911171387,138,1.0,1.0,1.0,1.0,0.0
119,0.4050000508626302,0.00734852062154905,0.10100007057189941,0.0014142796519809341,1,4,10.0,rbf,"{'C': 1, 'degree': 4, 'gamma': 10.0, 'kernel': 'rbf'}",0.10619469026548672,0.10690423162583519,0.10538116591928251,0.10616184112843356,0.0006211847911171387,138,1.0,1.0,1.0,1.0,0.0
121,0.24299995104471842,0.011860316088865544,0.06633337338765462,0.005557855923734088,1,8,1e-06,poly,"{'C': 1, 'degree': 8, 'gamma': 1e-06, 'kernel': 'poly'}",0.10619469026548672,0.10690423162583519,0.10538116591928251,0.10616184112843356,0.0006211847911171387,138,0.10614525139664804,0.10579064587973273,0.10654827968923418,0.10616139232187166,0.0003095132139615623
122,0.2866666316986084,0.025315825804060017,0.07300011316935222,0.009201516391816555,1,8,1e-06,rbf,"{'C': 1, 'degree': 8, 'gamma': 1e-06, 'kernel': 'rbf'}",0.10619469026548672,0.10690423162583519,0.10538116591928251,0.10616184112843356,0.0006211847911171387,138,0.10614525139664804,0.10579064587973273,0.10654827968923418,0.10616139232187166,0.0003095132139615623
124,0.2526668707529704,0.023041096906606415,0.06100002924601237,0.0008166320775582997,1,8,0.0001,poly,"{'C': 1, 'degree': 8, 'gamma': 0.0001, 'kernel': 'poly'}",0.10619469026548672,0.10690423162583519,0.10538116591928251,0.10616184112843356,0.0006211847911171387,138,0.10614525139664804,0.10579064587973273,0.10654827968923418,0.10616139232187166,0.0003095132139615623
131,0.4103333155314128,0.005249432489961585,0.10233322779337566,0.0018855376132936251,1,8,1.0,rbf,"{'C': 1, 'degree': 8, 'gamma': 1.0, 'kernel': 'rbf'}",0.10619469026548672,0.10690423162583519,0.10538116591928251,0.10616184112843356,0.0006211847911171387,138,1.0,1.0,1.0,1.0,0.0
134,0.415000041325887,0.008041460131057795,0.10766665140787761,0.0030912049312596277,1,8,10.0,rbf,"{'C': 1, 'degree': 8, 'gamma': 10.0, 'kernel': 'rbf'}",0.10619469026548672,0.10690423162583519,0.10538116591928251,0.10616184112843356,0.0006211847911171387,138,1.0,1.0,1.0,1.0,0.0
83,0.2926666736602783,0.03561205732732428,0.06899984677632649,0.0008165347377806026,0.001,8,0.01,rbf,"{'C': 0.001, 'degree': 8, 'gamma': 0.01, 'kernel': 'rbf'}",0.10619469026548672,0.10690423162583519,0.10538116591928251,0.10616184112843356,0.0006211847911171387,138,0.10614525139664804,0.10579064587973273,0.10654827968923418,0.10616139232187166,0.0003095132139615623
149,0.4306667645772298,0.0089938565232559,0.10166652997334798,0.0020549393673056355,1000.0,1,10.0,rbf,"{'C': 1000.0, 'degree': 1, 'gamma': 10.0, 'kernel': 'rbf'}",0.10619469026548672,0.10690423162583519,0.10538116591928251,0.10616184112843356,0.0006211847911171387,138,1.0,1.0,1.0,1.0,0.0
80,0.2566667397816976,0.00249436366318727,0.0689999262491862,0.0008165347377806026,0.001,8,0.0001,rbf,"{'C': 0.001, 'degree': 8, 'gamma': 0.0001, 'kernel': 'rbf'}",0.10619469026548672,0.10690423162583519,0.10538116591928251,0.10616184112843356,0.0006211847911171387,138,0.10614525139664804,0.10579064587973273,0.10654827968923418,0.10616139232187166,0.0003095132139615623
77,0.2593332926432292,0.006944306389456632,0.07400004069010417,0.0014141672603851714,0.001,8,1e-06,rbf,"{'C': 0.001, 'degree': 8, 'gamma': 1e-06, 'kernel': 'rbf'}",0.10619469026548672,0.10690423162583519,0.10538116591928251,0.10616184112843356,0.0006211847911171387,138,0.10614525139664804,0.10579064587973273,0.10654827968923418,0.10616139232187166,0.0003095132139615623
46,0.21500007311503092,0.0037415985951353603,0.05833331743876139,0.004027613693403227,0.001,1,1e-06,poly,"{'C': 0.001, 'degree': 1, 'gamma': 1e-06, 'kernel': 'poly'}",0.10619469026548672,0.10690423162583519,0.10538116591928251,0.10616184112843356,0.0006211847911171387,138,0.10614525139664804,0.10579064587973273,0.10654827968923418,0.10616139232187166,0.0003095132139615623
47,0.25300010045369464,0.004242557966904608,0.07066663106282552,0.0041096079945844915,0.001,1,1e-06,rbf,"{'C': 0.001, 'degree': 1, 'gamma': 1e-06, 'kernel': 'rbf'}",0.10619469026548672,0.10690423162583519,0.10538116591928251,0.10616184112843356,0.0006211847911171387,138,0.10614525139664804,0.10579064587973273,0.10654827968923418,0.10616139232187166,0.0003095132139615623
49,0.21566669146219888,0.0020548362321303974,0.05800008773803711,0.0021602742712654127,0.001,1,0.0001,poly,"{'C': 0.001, 'degree': 1, 'gamma': 0.0001, 'kernel': 'poly'}",0.10619469026548672,0.10690423162583519,0.10538116591928251,0.10616184112843356,0.0006211847911171387,138,0.10614525139664804,0.10579064587973273,0.10654827968923418,0.10616139232187166,0.0003095132139615623
50,0.3119998772939046,0.05786765278401114,0.06766676902770996,0.0016996902587145756,0.001,1,0.0001,rbf,"{'C': 0.001, 'degree': 1, 'gamma': 0.0001, 'kernel': 'rbf'}",0.10619469026548672,0.10690423162583519,0.10538116591928251,0.10616184112843356,0.0006211847911171387,138,0.10614525139664804,0.10579064587973273,0.10654827968923418,0.10616139232187166,0.0003095132139615623
53,0.2546667257944743,0.004642676407518205,0.06999985376993816,0.0021603110595287693,0.001,1,0.01,rbf,"{'C': 0.001, 'degree': 1, 'gamma': 0.01, 'kernel': 'rbf'}",0.10619469026548672,0.10690423162583519,0.10538116591928251,0.10616184112843356,0.0006211847911171387,138,0.10614525139664804,0.10579064587973273,0.10654827968923418,0.10616139232187166,0.0003095132139615623
56,0.437999963760376,0.07637192582907901,0.10633349418640137,0.00047137035374583886,0.001,1,1.0,rbf,"{'C': 0.001, 'degree': 1, 'gamma': 1.0, 'kernel': 'rbf'}",0.10619469026548672,0.10690423162583519,0.10538116591928251,0.10616184112843356,0.0006211847911171387,138,0.10614525139664804,0.10579064587973273,0.10654827968923418,0.10616139232187166,0.0003095132139615623
59,0.38766662279764813,0.004496810443256786,0.10366686185201009,0.0016996590817492557,0.001,1,10.0,rbf,"{'C': 0.001, 'degree': 1, 'gamma': 10.0, 'kernel': 'rbf'}",0.10619469026548672,0.10690423162583519,0.10538116591928251,0.10616184112843356,0.0006211847911171387,138,0.10614525139664804,0.10579064587973273,0.10654827968923418,0.10616139232187166,0.0003095132139615623
61,0.22666668891906738,0.0023571889435172813,0.06233334541320801,0.0016997370119428347,0.001,4,1e-06,poly,"{'C': 0.001, 'degree': 4, 'gamma': 1e-06, 'kernel': 'poly'}",0.10619469026548672,0.10690423162583519,0.10538116591928251,0.10616184112843356,0.0006211847911171387,138,0.10614525139664804,0.10579064587973273,0.10654827968923418,0.10616139232187166,0.0003095132139615623
62,0.25299978256225586,0.005887926747654973,0.08133347829182942,0.017518270697536732,0.001,4,1e-06,rbf,"{'C': 0.001, 'degree': 4, 'gamma': 1e-06, 'kernel': 'rbf'}",0.10619469026548672,0.10690423162583519,0.10538116591928251,0.10616184112843356,0.0006211847911171387,138,0.10614525139664804,0.10579064587973273,0.10654827968923418,0.10616139232187166,0.0003095132139615623
64,0.2326667308807373,0.003091136375167059,0.05933332443237305,0.00047137035374583886,0.001,4,0.0001,poly,"{'C': 0.001, 'degree': 4, 'gamma': 0.0001, 'kernel': 'poly'}",0.10619469026548672,0.10690423162583519,0.10538116591928251,0.10616184112843356,0.0006211847911171387,138,0.10614525139664804,0.10579064587973273,0.10654827968923418,0.10616139232187166,0.0003095132139615623
65,0.2613333861033122,0.005436507679346256,0.06933331489562988,0.0033992869916783294,0.001,4,0.0001,rbf,"{'C': 0.001, 'degree': 4, 'gamma': 0.0001, 'kernel': 'rbf'}",0.10619469026548672,0.10690423162583519,0.10538116591928251,0.10616184112843356,0.0006211847911171387,138,0.10614525139664804,0.10579064587973273,0.10654827968923418,0.10616139232187166,0.0003095132139615623
68,0.2573331991831462,0.00329988951118253,0.06700015068054199,0.0014141110612375166,0.001,4,0.01,rbf,"{'C': 0.001, 'degree': 4, 'gamma': 0.01, 'kernel': 'rbf'}",0.10619469026548672,0.10690423162583519,0.10538116591928251,0.10616184112843356,0.0006211847911171387,138,0.10614525139664804,0.10579064587973273,0.10654827968923418,0.10616139232187166,0.0003095132139615623
71,0.3836666742960612,0.004496881134439228,0.10633333524068196,0.004784180075640998,0.001,4,1.0,rbf,"{'C': 0.001, 'degree': 4, 'gamma': 1.0, 'kernel': 'rbf'}",0.10619469026548672,0.10690423162583519,0.10538116591928251,0.10616184112843356,0.0006211847911171387,138,0.10614525139664804,0.10579064587973273,0.10654827968923418,0.10616139232187166,0.0003095132139615623
74,0.38099996248881024,0.004242614163819139,0.1056665579477946,0.005185467262703834,0.001,4,10.0,rbf,"{'C': 0.001, 'degree': 4, 'gamma': 10.0, 'kernel': 'rbf'}",0.10619469026548672,0.10690423162583519,0.10538116591928251,0.10616184112843356,0.0006211847911171387,138,0.10614525139664804,0.10579064587973273,0.10654827968923418,0.10616139232187166,0.0003095132139615623
76,0.29033327102661133,0.07263757066899405,0.06699991226196289,0.007118049845811583,0.001,8,1e-06,poly,"{'C': 0.001, 'degree': 8, 'gamma': 1e-06, 'kernel': 'poly'}",0.10619469026548672,0.10690423162583519,0.10538116591928251,0.10616184112843356,0.0006211847911171387,138,0.10614525139664804,0.10579064587973273,0.10654827968923418,0.10616139232187166,0.0003095132139615623
79,0.23266681035359701,0.0016996590817492559,0.06133333841959635,0.0009428530990877068,0.001,8,0.0001,poly,"{'C': 0.001, 'degree': 8, 'gamma': 0.0001, 'kernel': 'poly'}",0.10619469026548672,0.10690423162583519,0.10538116591928251,0.10616184112843356,0.0006211847911171387,138,0.10614525139664804,0.10579064587973273,0.10654827968923418,0.10616139232187166,0.0003095132139615623
224,0.3930000464121501,0.0014141672603851711,0.08866659800211589,0.0020546428477924237,1000000.0,8,10.0,rbf,"{'C': 1000000.0, 'degree': 8, 'gamma': 10.0, 'kernel': 'rbf'}",0.10619469026548672,0.10690423162583519,0.10538116591928251,0.10616184112843356,0.0006211847911171387,138,1.0,1.0,1.0,1.0,0.0
